{"chunk_definitions":[{"chunk_id":"csetup_chunk","chunk_label":"setup","document_id":"2C00AAFC","expansion_state":0,"options":{"engine":"r","include":false,"label":"setup"},"row":29,"row_count":1,"visible":true},{"chunk_id":"cg156nqtzjcmc","chunk_label":"unnamed-chunk-14","document_id":"2C00AAFC","expansion_state":0,"options":{"dpi":200,"echo":"T","engine":"r","eval":"T","fig.align":"center","fig.height":2,"label":"unnamed-chunk-2","units":"in","warning":"F"},"row":279,"row_count":1,"visible":true}],"default_chunk_options":{"cache":true,"dev":"CairoPNG","echo":false,"error":false,"message":false,"warning":false},"doc_write_time":1528905240,"working_dir":null}