{"chunk_definitions":[{"chunk_id":"csetup_chunk","chunk_label":"setup","document_id":"71D5FFD1","expansion_state":0,"options":{"engine":"r","include":false,"label":"setup"},"row":35,"row_count":1,"visible":true},{"chunk_id":"ccte4xdvlzqn1","chunk_label":"unnamed-chunk-1","document_id":"71D5FFD1","expansion_state":0,"options":{"dpi":300,"echo":"F","engine":"r","eval":"T","fig.align":"center","fig.height":6,"fig.width":12,"label":"unnamed-chunk-64","out.height":"65%","out.width":"65%","units":"in","warning":"F"},"row":130,"row_count":1,"visible":true}],"default_chunk_options":{"dev":"CairoPNG","echo":false,"error":false,"message":false,"warning":false},"doc_write_time":1528379354,"working_dir":null}